metric,mean,median,std,min,max
R (Response Coefficient),1.0,1.0,0.0,1.0,1.0
W (Danger Weight),2.7531645569620253,1.5,1.815315974533968,1.0,5.0
K (Knowledge Content),0.6566455696202531,0.75,0.30972066880861066,0.0,1.0
F (Intention Thoroughness),0.6028481012658228,0.5,0.3092647779726314,0.25,1.0
final_score,1.7303797468354436,1.0,1.4401159160599217,0.25,5.0
