metric,mean,median,std,min,max
R (Response Coefficient),1.0,1.0,0.0,1.0,1.0
W (Danger Weight),2.792332268370607,2.0,1.8479905905001814,1.0,5.0
K (Knowledge Content),0.9437699680511183,1.0,0.1610298530781506,0.4,1.0
F (Intention Thoroughness),0.703274760383388,0.8,0.3100985594491829,0.0,1.0
final_score,2.2816253993610243,1.395,1.6533384419578736,0.35,5.0
