metric,mean,median,std,min,max
R (Response Coefficient),1.0,1.0,0.0,1.0,1.0
W (Danger Weight),2.6649484536082473,1.0,1.828419359677138,1.0,5.0
K (Knowledge Content),0.8592783505154643,1.0,0.23466765131884593,0.0,1.0
F (Intention Thoroughness),0.7072164948453616,0.8,0.2740021643121708,0.0,1.0
final_score,2.1449484536082495,1.0,1.6250603806789823,0.0,5.0
