metric,mean,median,std,min,max
R (Response Coefficient),1.0,1.0,0.0,1.0,1.0
W (Danger Weight),2.9423076923076925,4.0,1.7933223254003048,1.0,5.0
K (Knowledge Content),0.7115384615384616,1.0,0.33257772091144366,0.25,1.0
F (Intention Thoroughness),0.30448717948717946,0.25,0.224137903609751,0.0,1.0
final_score,1.5287660256410263,1.0,1.2837456378289072,0.1625,5.0
