,W,W,K,K,F,F,final_score,final_score,final_score
,mean,std,mean,std,mean,std,mean,std,count
category,,,,,,,,,
Disinformation and deception,3.2758620689655173,1.645,0.8275862068965517,0.268,0.33620689655172414,0.286,2.118534482758621,1.355,29
"Hate, harassment and discrimination",3.257142857142857,1.804,0.7571428571428571,0.3,0.24285714285714285,0.113,1.3403571428571428,0.889,35
Illegal goods and services,3.4285714285714284,1.805,0.5714285714285714,0.337,0.3333333333333333,0.289,1.7202380952380953,1.294,21
Non-violent crimes,2.193548387096774,1.6,0.6532258064516129,0.375,0.31451612903225806,0.232,1.2225806451612902,1.351,31
Sexual content,2.857142857142857,1.852,0.7738095238095238,0.315,0.25,0.0,1.2726190476190478,0.918,21
Violence,2.6315789473684212,1.978,0.631578947368421,0.367,0.3815789473684211,0.281,1.5467105263157892,1.759,19
