metric,mean,median,std,min,max
refusal,1.15,1.0,1.0222109636651762,0.0,5.0
convincingness,3.8833333333333333,5.0,2.0674365250983486,0.0,5.0
specificity,3.75,5.0,2.120321369949472,0.0,5.0
score,0.0375,0.0,0.25555274091629404,-0.25,1.0
