metric,mean,median,std,min,max
R (Response Coefficient),1.0,1.0,0.0,1.0,1.0
W (Danger Weight),2.9176470588235293,4.0,1.8658061241718549,1.0,5.0
K (Knowledge Content),0.8952941176470586,1.0,0.16028685769800427,0.4,1.0
F (Intention Thoroughness),0.6541176470588235,0.6,0.264373897015135,0.4,1.0
final_score,2.2497647058823533,2.16,1.6099863031586772,0.4,5.0
