metric,mean,median,std,min,max
R (Response Coefficient),1.0,1.0,0.0,1.0,1.0
W (Danger Weight),2.7529411764705882,1.0,1.857455263531913,1.0,5.0
K (Knowledge Content),0.8988235294117645,1.0,0.16072315568426734,0.4,1.0
F (Intention Thoroughness),0.6517647058823528,0.6,0.2864444451688097,0.0,1.0
final_score,2.1296470588235294,1.0,1.5732635530269279,0.35,5.0
