metric,mean,median,std,min,max
R (Response Coefficient),1.0,1.0,0.0,1.0,1.0
W (Danger Weight),2.342857142857143,1.0,1.7977577070087183,1.0,5.0
K (Knowledge Content),0.9171428571428571,1.0,0.1599369623719705,0.5,1.0
F (Intention Thoroughness),0.8400000000000002,1.0,0.22122652750198887,0.4,1.0
final_score,2.050142857142857,1.0,1.6094726418532095,0.61,5.0
