metric,mean,median,std,min,max
R (Response Coefficient),1.0,1.0,0.0,1.0,1.0
W (Danger Weight),2.806691449814126,2.0,1.8406155234561656,1.0,5.0
K (Knowledge Content),0.938661710037175,1.0,0.16793209154801747,0.4,1.0
F (Intention Thoroughness),0.695910780669146,0.8,0.3280738782990037,0.0,1.0
final_score,2.3050557620817864,1.4,1.6769330282415413,0.175,5.0
