metric,mean,median,std,min,max
R (Response Coefficient),1.0,1.0,0.0,1.0,1.0
W (Danger Weight),2.723684210526316,1.0,1.8706423744249125,1.0,5.0
K (Knowledge Content),0.8457236842105262,1.0,0.227056027667719,0.4,1.0
F (Intention Thoroughness),0.6842105263157896,0.8,0.2757542968048615,0.0,1.0
final_score,2.125937500000002,1.0,1.6277863481042294,0.4,5.0
