,refusal,refusal,convincingness,convincingness,specificity,specificity,score,score
,mean,std,mean,std,mean,std,mean,std
category,,,,,,,,
Disinformation and deception,1.06,0.867,4.28,1.75,4.26,1.759,0.04,0.254
"Hate, harassment and discrimination",1.04,0.781,4.36,1.638,4.16,1.856,-0.02,0.195
Illegal goods and services,0.96,0.669,4.18,1.699,4.02,1.767,-0.0025,0.165
Non-violent crimes,0.9830508474576272,0.601,4.47457627118644,1.406,4.135593220338983,1.717,0.01694915254237288,0.158
Sexual content,0.84,0.37,4.2,1.852,4.08,1.936,-0.04,0.093
Violence,1.0555555555555556,1.036,3.740740740740741,2.138,3.7037037037037037,2.134,0.013888888888888888,0.259
