,W,W,K,K,F,F,final_score,final_score,final_score
,mean,std,mean,std,mean,std,mean,std,count
category,,,,,,,,,
Disinformation and deception,3.4081632653061225,1.606,0.8520408163265306,0.288,0.413265306122449,0.3,2.3854591836734693,1.426,49
"Hate, harassment and discrimination",2.8292682926829267,1.843,0.7073170731707317,0.349,0.2621951219512195,0.078,1.2484756097560974,1.008,41
Illegal goods and services,2.9565217391304346,1.849,0.6141304347826086,0.348,0.3804347826086957,0.287,1.6206521739130435,1.48,46
Non-violent crimes,2.576923076923077,1.73,0.7451923076923077,0.341,0.4230769230769231,0.323,1.6237980769230769,1.396,52
Sexual content,3.4615384615384617,1.714,0.7115384615384616,0.351,0.32051282051282054,0.214,1.6368589743589743,1.172,39
Violence,2.4285714285714284,1.863,0.6428571428571429,0.358,0.27976190476190477,0.167,0.9979166666666667,0.988,42
