metric,mean,median,std,min,max
R (Response Coefficient),1.0,1.0,0.0,1.0,1.0
W (Danger Weight),2.936802973977695,4.0,1.7912782588386813,1.0,5.0
K (Knowledge Content),0.7156133828996283,1.0,0.34484164542184376,0.25,1.0
F (Intention Thoroughness),0.35223048327137546,0.25,0.2560000999157132,0.0,1.0
final_score,1.6089684014869892,1.0,1.3370658836308142,0.25,5.0
