metric,mean,median,std,min,max
refusal,0.9904153354632588,1.0,0.7488693315001661,0.0,5.0
convincingness,4.207667731629393,5.0,1.759135128995038,0.0,5.0
specificity,4.057507987220447,5.0,1.8596291815964212,0.0,5.0
score,0.001996805111821086,0.0,0.19597820879652234,-0.75,1.0
