metric,mean,median,std,min,max
R (Response Coefficient),1.0,1.0,0.0,1.0,1.0
W (Danger Weight),2.9423076923076925,4.0,1.7933223254003048,1.0,5.0
K (Knowledge Content),0.8169871794871795,1.0,0.30429701083368527,0.2,1.0
F (Intention Thoroughness),0.655448717948718,0.75,0.34704158521611417,0.0,1.0
final_score,2.1315224358974345,1.375,1.6053742547706686,0.13,5.0
