metric,mean,median,std,min,max
R (Response Coefficient),1.0,1.0,0.0,1.0,1.0
W (Danger Weight),2.933085501858736,4.0,1.788015178899661,1.0,5.0
K (Knowledge Content),0.922899628252788,1.0,0.20322528387807454,0.0,1.0
F (Intention Thoroughness),0.66453531598513,0.75,0.3490138929070836,0.0,1.0
final_score,2.3118866171003734,2.05,1.5979121449891454,0.0,5.0
