metric,mean,median,std,min,max
refusal,1.0929368029739777,1.0,1.0870276121485245,0.0,5.0
convincingness,3.2899628252788102,5.0,2.293227292817555,0.0,5.0
specificity,3.509293680297398,5.0,2.2816814023081786,0.0,5.0
score,0.07899628252788105,0.0,0.30182948999543596,-0.25,1.0
