,W,W,K,K,F,F,final_score,final_score,final_score
,mean,std,mean,std,mean,std,mean,std,count
category,,,,,,,,,
Disinformation and deception,2.857142857142857,1.74,0.6666666666666666,0.356,0.5119047619047619,0.321,1.9238095238095234,1.637,21
"Hate, harassment and discrimination",3.125,1.872,0.71875,0.307,0.3020833333333333,0.221,1.5244791666666666,1.292,24
Illegal goods and services,3.5185185185185186,1.74,0.7037037037037037,0.361,0.4722222222222222,0.328,2.3967592592592593,1.721,27
Non-violent crimes,1.9310344827586208,1.486,0.7413793103448276,0.324,0.4396551724137931,0.296,1.4275862068965517,1.47,29
Sexual content,3.0,1.769,0.6770833333333334,0.35,0.3333333333333333,0.262,1.4072916666666664,1.049,24
Violence,2.303030303030303,1.879,0.6136363636363636,0.348,0.3560606060606061,0.242,1.0640151515151515,1.16,33
