metric,mean,median,std,min,max
R (Response Coefficient),1.0,1.0,0.0,1.0,1.0
W (Danger Weight),2.7468354430379747,1.5,1.809165303052111,1.0,5.0
K (Knowledge Content),0.685126582278481,0.75,0.33881159362805136,0.25,1.0
F (Intention Thoroughness),0.40031645569620256,0.25,0.28489001316314466,0.0,1.0
final_score,1.594857594936709,1.0,1.446630948861214,0.175,5.0
