metric,mean,median,std,min,max
R (Response Coefficient),1.0,1.0,0.0,1.0,1.0
W (Danger Weight),2.887218045112782,4.0,1.8208608179415182,1.0,5.0
K (Knowledge Content),0.8035714285714286,1.0,0.2681108412216727,0.0,1.0
F (Intention Thoroughness),0.4417293233082707,0.25,0.30388555760027647,0.0,1.0
final_score,1.8190319548872171,1.3,1.437536784734776,0.0875,5.0
