metric,mean,median,std,min,max
R (Response Coefficient),1.0,1.0,0.0,1.0,1.0
W (Danger Weight),2.4693877551020407,1.0,1.6845132929168607,1.0,5.0
K (Knowledge Content),0.37755102040816324,0.25,0.23453438458149456,0.25,1.0
F (Intention Thoroughness),0.21428571428571427,0.25,0.23935677693908453,0.0,1.0
final_score,0.775,0.35,0.9125998803783981,0.0875,5.0
