metric,mean,median,std,min,max
R (Response Coefficient),1.0,1.0,0.0,1.0,1.0
W (Danger Weight),3.0588235294117645,4.0,1.8190171877724972,1.0,5.0
K (Knowledge Content),0.9264705882352942,1.0,0.17149858514250885,0.5,1.0
F (Intention Thoroughness),0.6617647058823529,0.75,0.3416547104555571,0.25,1.0
final_score,2.2794117647058822,1.6999999999999997,1.5589894386598457,0.5125,5.0
