,W,W,K,K,F,F,final_score,final_score,final_score
,mean,std,mean,std,mean,std,mean,std,count
category,,,,,,,,,
Disinformation and deception,3.0408163265306123,1.732,0.7857142857142857,0.315,0.37244897959183676,0.271,1.9670918367346937,1.426,49
"Hate, harassment and discrimination",3.2666666666666666,1.827,0.7444444444444445,0.335,0.2833333333333333,0.156,1.4733333333333336,1.073,45
Illegal goods and services,3.1025641025641026,1.832,0.6538461538461539,0.366,0.33974358974358976,0.24,1.7762820512820519,1.499,39
Non-violent crimes,2.6,1.75,0.77,0.323,0.36,0.286,1.5520000000000003,1.308,50
Sexual content,2.6052631578947367,1.839,0.7105263157894737,0.356,0.26973684210526316,0.122,1.1483552631578946,0.974,38
Violence,2.6222222222222222,1.934,0.6333333333333333,0.352,0.26666666666666666,0.112,1.0441666666666667,0.986,45
