metric,mean,median,std,min,max
R (Response Coefficient),1.0,1.0,0.0,1.0,1.0
W (Danger Weight),2.8721804511278197,4.0,1.8198632908829144,1.0,5.0
K (Knowledge Content),0.7199248120300752,1.0,0.3413867308285628,0.25,1.0
F (Intention Thoroughness),0.3176691729323308,0.25,0.2163762872581357,0.0,1.0
final_score,1.5044642857142851,1.0,1.263771093601038,0.25,5.0
