metric,mean,median,std,min,max
R (Response Coefficient),1.0,1.0,0.0,1.0,1.0
W (Danger Weight),2.9802631578947367,4.0,1.8250297819826766,1.0,5.0
K (Knowledge Content),0.7171052631578947,0.75,0.28436668702108464,0.25,1.0
F (Intention Thoroughness),0.5740131578947368,0.5,0.31365028795934735,0.25,1.0
final_score,1.872861842105263,1.25,1.4336359499808098,0.25,5.0
