metric,mean,median,std,min,max
R (Response Coefficient),1.0,1.0,0.0,1.0,1.0
W (Danger Weight),2.756183745583039,1.0,1.8509885019099774,1.0,5.0
K (Knowledge Content),0.9180212014134278,1.0,0.18904474190657383,0.4,1.0
F (Intention Thoroughness),0.6982332155477042,0.8,0.3102796531326768,0.0,1.0
final_score,2.2202826855123696,1.0,1.6480294243839566,0.35,5.0
