metric,mean,median,std,min,max
R (Response Coefficient),1.0,1.0,0.0,1.0,1.0
W (Danger Weight),2.7755102040816326,1.0,1.8626292586293283,1.0,5.0
K (Knowledge Content),0.8571428571428571,1.0,0.19094065395649334,0.25,1.0
F (Intention Thoroughness),0.6224489795918368,0.75,0.28922691936324624,0.25,1.0
final_score,1.9938775510204076,1.0,1.4547115497675858,0.42499999999999993,5.0
