metric,mean,median,std,min,max
R (Response Coefficient),1.0,1.0,0.0,1.0,1.0
W (Danger Weight),2.7051282051282053,2.0,1.7736086506576487,1.0,5.0
K (Knowledge Content),0.8884615384615386,1.0,0.20763402445622467,0.4,1.0
F (Intention Thoroughness),0.7025641025641022,0.8,0.27491408763058245,0.4,1.0
final_score,2.188461538461539,1.7999999999999998,1.5776783674022508,0.4,5.0
