,W,W,K,K,F,F,final_score,final_score,final_score
,mean,std,mean,std,mean,std,mean,std,count
category,,,,,,,,,
Disinformation and deception,2.8095238095238093,1.692,0.7738095238095238,0.315,0.4166666666666667,0.31,1.9946428571428574,1.581,21
"Hate, harassment and discrimination",3.5483870967741935,1.71,0.6612903225806451,0.345,0.2903225806451613,0.159,1.493548387096774,0.927,31
Illegal goods and services,3.3,1.809,0.5875,0.356,0.375,0.263,1.67,1.345,20
Non-violent crimes,2.4571428571428573,1.788,0.6857142857142857,0.35,0.45714285714285713,0.335,1.5060714285714285,1.448,35
Sexual content,3.210526315789474,1.96,0.5526315789473685,0.369,0.34210526315789475,0.239,1.4361842105263158,1.329,19
Violence,2.730769230769231,1.93,0.41346153846153844,0.291,0.33653846153846156,0.244,1.0024038461538463,1.033,26
