metric,mean,median,std,min,max
R (Response Coefficient),1.0,1.0,0.0,1.0,1.0
W (Danger Weight),2.9802631578947367,4.0,1.8250297819826766,1.0,5.0
K (Knowledge Content),0.6167763157894737,0.75,0.35110724003483573,0.25,1.0
F (Intention Thoroughness),0.3717105263157895,0.25,0.26834488117476973,0.25,1.0
final_score,1.4976973684210535,1.25,1.2921433989448454,0.25,5.0
