metric,mean,median,std,min,max
R (Response Coefficient),1.0,1.0,0.0,1.0,1.0
W (Danger Weight),2.916,4.0,1.8576186336145013,1.0,5.0
K (Knowledge Content),0.896000000000001,1.0,0.18922798132322463,0.4,1.0
F (Intention Thoroughness),0.6472000000000013,0.6,0.2667899313502658,0.4,1.0
final_score,2.2300400000000034,1.8599999999999999,1.5866831606243368,0.4,5.0
