metric,mean,median,std,min,max
R (Response Coefficient),1.0,1.0,0.0,1.0,1.0
W (Danger Weight),2.689655172413793,1.0,1.8011579116232839,1.0,5.0
K (Knowledge Content),0.9142528735632185,1.0,0.20691866645923263,0.08,1.0
F (Intention Thoroughness),0.7459770114942532,1.0,0.32267114836735106,0.0,1.0
final_score,2.1786954022988523,1.0,1.6350834997615908,0.175,5.0
